{"cameraMode":{"drawMode":0,"name":"Shaded","section":"Shading Mode"},"sceneLighting":false,"audioPlay":false,"sceneViewState":{"m_AlwaysRefresh":false,"showFog":true,"showSkybox":false,"showFlares":true,"showImageEffects":true,"showParticleSystems":true,"showVisualEffectGraphs":true,"m_FxEnabled":true},"in2DMode":false,"pivot":{"x":0.03565359115600586,"y":0.5524905920028687,"z":-0.26308155059814455},"rotation":{"x":-0.06100798770785332,"y":0.9210171103477478,"z":-0.16076414287090302,"w":-0.3495144844055176},"size":1.8720771074295045,"orthographic":false}