{"cameraMode":{"drawMode":0,"name":"Shaded","section":"Shading Mode"},"sceneLighting":false,"audioPlay":false,"sceneViewState":{"m_AlwaysRefresh":false,"showFog":true,"showSkybox":false,"showFlares":true,"showImageEffects":true,"showParticleSystems":true,"showVisualEffectGraphs":true,"m_FxEnabled":true},"in2DMode":false,"pivot":{"x":0.05873894691467285,"y":0.09625428915023804,"z":0.846680760383606},"rotation":{"x":-0.1806330680847168,"y":0.7975254058837891,"z":-0.2895926833152771,"w":-0.4974557161331177},"size":0.36899903416633608,"orthographic":false}