{"cameraMode":{"drawMode":0,"name":"Shaded","section":"Shading Mode"},"sceneLighting":false,"audioPlay":false,"sceneViewState":{"m_AlwaysRefresh":false,"showFog":true,"showSkybox":false,"showFlares":true,"showImageEffects":true,"showParticleSystems":true,"showVisualEffectGraphs":true,"m_FxEnabled":true},"in2DMode":false,"pivot":{"x":0.6498221158981323,"y":0.09423846006393433,"z":0.7018818855285645},"rotation":{"x":0.0776335671544075,"y":0.9219639897346497,"z":-0.28216877579689028,"w":0.2536731958389282},"size":1.7796670198440552,"orthographic":false}