{"cameraMode":{"drawMode":0,"name":"Shaded","section":"Shading Mode"},"sceneLighting":true,"audioPlay":false,"sceneViewState":{"m_AlwaysRefresh":false,"showFog":true,"showSkybox":true,"showFlares":true,"showImageEffects":true,"showParticleSystems":true,"showVisualEffectGraphs":true,"m_FxEnabled":true},"in2DMode":false,"pivot":{"x":44.005733489990237,"y":18.130407333374025,"z":-57.66438293457031},"rotation":{"x":0.2809334099292755,"y":-0.6512945294380188,"z":0.26147550344467165,"w":0.6546330451965332},"size":1.4825388193130494,"orthographic":false}