{"cameraMode":{"drawMode":0,"name":"Shaded","section":"Shading Mode"},"sceneLighting":false,"audioPlay":false,"sceneViewState":{"m_AlwaysRefresh":false,"showFog":true,"showSkybox":false,"showFlares":true,"showImageEffects":true,"showParticleSystems":true,"showVisualEffectGraphs":true,"m_FxEnabled":true},"in2DMode":false,"pivot":{"x":-2.0364699363708498,"y":0.012923002243041993,"z":2.6142873764038088},"rotation":{"x":-0.10325432568788529,"y":0.8830180168151856,"z":-0.23047243058681489,"w":-0.3956023156642914},"size":3.8927242755889894,"orthographic":false}